{"cameraMode":{"drawMode":0,"name":"Shaded","section":"Shading Mode"},"sceneLighting":false,"audioPlay":false,"sceneViewState":{"m_AlwaysRefresh":false,"showFog":true,"showSkybox":false,"showFlares":true,"showImageEffects":true,"showParticleSystems":true,"showVisualEffectGraphs":true,"m_FxEnabled":true},"in2DMode":false,"pivot":{"x":119.39999389648438,"y":-2.4000000953674318,"z":4.8223114013671879},"rotation":{"x":-0.22823411226272584,"y":0.23302339017391206,"z":-0.05635964125394821,"w":-0.9436327219009399},"size":417.7967529296875,"orthographic":false}